0,a6b86e2d8c30a8f006c148159f076560f97e687d11335e86ae50a3ce123521a1
1,5a11711d8266663180318e3cbbc38029b2faa4200c8c5da0c256f352610e0aa1
2,4e8056e475c8303dbd794fb3bcc5644c98786bc4b87f3499a869be4e15eae506
3,8a1ca066e4e37b570d3c13b6589517ef4785b350d53509c0418bb2bf89583049
4,650d001e5349bea70bf8752abcfd92fa1981e2d62a7c4638138bc03c400b7ae0
5,8e332c1379bdd4e4d06e7ee2e236b715d662c0f414f4b1f292514774a8bf6289
6,8f8bd27853c784c6e560a39e48d1c5ffa9fe21931fb30b97dfb6347ce58b7e92
7,1fa5cfb8de0a8d57d8dfe9229c9b07893abb747c17c2099de63b751f7e906981
8,97a687bf1b75f920a76eaef3d95cc1ca1a7eca7e4ce89b9c78a2ec37dc574b06
9,d32d5ae3e6ef40529a66c29486180fe81af4bc50a4dd5417ab469bb88c1c8d8d
10,17a3373af48fc60dba12c7417e35a4d734535cab730589d5da504ac2745ce769
11,5ee87bc2cb81148ddd0cfb3f6329dc6a60811452dcce3d8b5158ba984ddd4805
12,801cd3d459ec3f48856d4f3de4aac9a53774e79e20b49b6b26ada8c0c32cf5cc
13,e8d6cb44887816e9fa680552a7da7bda22dcb4e2f6e107d5a57c6a16f6602eb3
14,99e2825082b0bf3fc270870a577c35e5dd9c4641302e40a5a9fb4aee6040c0a8
15,c8c4cbc10b7092e2e4f2fd351945d7d0cea5df535784ebde76f830b39a5dab02
16,29260ad7f6cbd2ea90a5fcb24db5d582ee89715f250861c1b0f51df94aee8417
17,278d6653d4c3fdd205576e7aa22140f5e7ff1d791f2dde78d30b85dd39bd08ce
18,7416c07c12e2d3f3ca2c4fe9f7573e5f890eeba714ede37f1583df0ba98bd64d
19,4f1d4aed50f4f6a3e4012209c9fd18264fb8f872dbe8e47cecbbe74ce920422d
20,09e59b2ddf87b85c1fb96a353b2fd2b141c27f654dc52c33515e1786f8f8ecc3
21,d63601749e254530b5103f8bcdcd3513c58f8a5e22733359169230b837a73879
22,b6065d0eda0303b68dfa52dd6b5d4e94785cbaf6568fef142beed54ff9499ede
23,98b691d4acf4014bb5a5d24a78864b97dcff73f528dba8ce3183809ce08e3f29
24,6bd8e15f350ea37be5c98100ec4c365a415730710d835da86d7a2c381afcd74a
25,f835a5b09c0da0f9e03c2c8d1aa5366df833035e56aa9cdf6a092d318c8747df
26,40fb338af2f62b5d6dd5bcf8f0324b5bfa5cc31f5618cb38ad8bc655817d8810
27,ee0a0a4e1eb908c262e7bebc2d354f305744b9b3374f008be51320fc1da63e76
28,d3bc7ba9d3c4dfdd056465e138c148d9ebd6272db8ea0817b3a5fbc6c5819572
29,95959871cd9a75373e5e9309a63a88723eba614b747b5621c982179de11a575f
30,5cbcfdf077a1459eb38bb3a66e85fafa1cdedebaf8a7869f5925fc9d0291b95c
31,56def43bdffd2e807a64ebae13a4ab57c45a31f4faeb63329b0fbd4f7596ece8
32,8361fb11ca3d6305c8a52efe9b3d38fd35a4f608ecd6de3900f6fab3765c2113
33,d12d5e18d12e54a6fce8c237d7c8ea23a6d2d6ced417b7aa626017a2af9d23d7
34,4c66acb6a373f5b570badc9db514c1b57b2368b12427c8f6dd4df3c9756eeda2
35,dc288caab89b86043b20d1731fc587e1212b4963f7dd2823416bf977c0cd4861
36,e79e2ec81516580d2dc68f5ce440427cef604f017af31e28df59bc26475735b8
37,84e97d16d60fc0ae54b44fcf78c07e739a13fa6373a5c1659b1bfdb12288b68e
38,389aaea5b802d73886603a509ada17fa92c97bd00407275c11b515231529ee52
39,8f82c115ebf1ca223147d5ce197f01b80b9b108131ecff998406e8408e3c3d1e
40,eb52e37b46f37cd100ecde7f7190a3469f7c51c803633b6ef7e39fe960613990
41,2bc135f38341f6c2ae9b80afaf98d37bff849d387772f51061a96aade1e375ea
42,172403f812271e9620993fd5dc01e2fdc64f84ba900eeae16a84248d65997710
43,81ebbe9fa81d533bb73e1ab088747acc414193ae0b6d4e1fa16f9961c11bf185
44,4770c3f10e5082965fc335c9415005d1b81e2875db28aca883673d2b392fef60
45,f2413a6feebe8267be7814cd145eac416879e9c35756f75669de1ef2d724594e
46,e57da0fc8c07e4d56f93f8711d954480c0f813a67d49ca8c20b2a6d918a7c96e
47,6a894dbc38e09ffe98efe6114675fa44af378a86dcdf47e0c8c20a66033a93fc
48,9208c81a005134053a3d00779ba0284ffdcd7e86666db3d05768b0871353f030
49,a076aab217621a3b7a24e29a0cf640d2121e3c8bffb84edc5493adeed51a9cdc
50,d97e3e2bc232da75209bd403b4e3a3590cb18253cdeff0fd622eb4ebd57db62d
51,0f3bcc296c2d18fbec7e2cb60a1211cefd1fe1059948af5ef9f3ca6ae469b0c6
52,4871619b6e8d1d0f64833133bf27ab1eb6ab8b43f1593a97ab4ac745a71375d6
53,d720c1152a627c2649a05d990ab18600fd9dd5b3c4986da363a1efa0862dde30
54,a5993a920c8011bdc2feb7621629a8dc20f0c6b3e2347ae530b90d8ea0cdb39c
55,31043863cf896b41b93d9083841dbbfb585c278c750b4755217cc94f3a61b122
56,89611b579fe9260b18b2f51ac0b3c8a95f87fc3c2f038f3b838d57eb929a8346
57,a9ce2546581ccf37e52afbd0205bc6a0380c0b93afd53947c0eba0e4f2ceccbd
58,217e87c7a50f12f091a5b9d18b4251d01521a32eacdcdea98271573532d3d34a
59,f442d6e9f1a357009a0dfa223af09e04000761422b773a292476aca3f5f89678
60,e410f7c38d2ab638fb78dc4fa15b293e2794dc3a14c0a311df020805c45f181b
61,fc6de0b4e4d906ff4b023e39c735d2e33b5eeb39998849deaa2de30f7287c2d9
62,e7e093d9b515019b970857af4abe7565b44568e34c3a94c7b14113dcf40fff00
63,6427214fb17a772210a5dbc16b8266d95655392bdb544b511db547c2252d257c
64,6f4fc2b8557860f0af80aa15c59b20728c4f0dc7a3bec6b642306214e870e576
65,c17e27017e691828c4d66e14cbe2c3c33e99dd143f2be01e440a932b23a99997
66,0c8eb1f501bbde6d761ac2793fa757150c2ca3f42b2ae33cf34ea3faa28105d1
67,14b1bab8a29857c999c8e15960c550f40e5aa074e9a6ff71ca3374b28a387589
68,98eb9d83eb6709f47d7db26315914dbf7e80dfade8937a2bed55dc35fab151d1
69,2698927239d18837e2eb66cfd49055a91f6e184cf01495e0549cb170ccf43996
70,740e64f6c80d4338a2a819f27fb92cf5443a9462f91e8c9a3199ef7c82db50ff
71,709a9fe131e034e72634016232cf46fb3e773e7e227d5fb660aac69ad8f95bd1
72,ad31d60268f507d4b83040a5259eaff541977570ea4271db11fe7aeac86c10f8
73,1ac8913b9119718eeb80de58565b64f49753d7427bc6fd96abd8c6d6133aaac0
74,42d8f859ccdbf2b518cb9c9bbf5bb8ed9916a18c893f5d89b6a113039c961a47
75,262c6ce0634ba63911c351132f0541f38f31705a56740651580fade750e49ad0
76,59f635848d845905eb303f251e4809740de057feb0a667fb5d9263e18771e3ac
77,566d083f1bcb65c1f9d97f50325ef2fe70f9b342f423dfa3643a5d80639393cd
78,3f5e19b350468467a1c9b4857c689ac7b16f91bbb69cc3668a7bd6c988fdb821
79,7ebfd2108e9abd4a5cf5acb933a630ca43ce945329549e2fa250c2ec575561bc
80,8282c68814d0deaadb1087687f60c03713cf310128cd4208f869b5ca8253d8b0
81,f09a411c670954da491c6e45eefb2f4286c067af9d27acb5780f7cfcfeb1bfbe
82,17a71b4d962a27a322410e4bd5ee4ae09404508a496e202e60af8602b841db61
83,32035676ecee8c49105c90b1b87984a0271a0561149a6f208ddcb86a7edfa473
84,d9533abd8977d0cec7c1617bb38475dd01ff8d81a6f39af19d70cb7f6603d1bb
85,e2449d0bc6fd278e5ab6810292ddc54da021ee3f5e0a36960b1a3647499db5da
86,8db8148ce8460192736724e808e9b60b019024195b3db30ce3d2fcc76cfd9747
87,fcfd4f4635f737867568517400fd0e7b14393c0e6407aa0775f494e31e5acb5b
88,47f158645e71e2adcbd833134c8ed278766afd1d4814d2d76977915ab30805c1
89,34b1dc0d39cc10ab7157dcbdd78db16227c3c60fb2b4d7872511ae40220687ad
90,81404315c5fce0062d53c058661c90ad40e714dcbdcb934cce7aaa73d16c906f
91,2efe779db743ea17b5a617b52b789bc2afa3b48f077d2366dc0c6bb198aa0dc6
92,edbce124e6b0fb019a7269583eeee2ecdadd98ad35e18cbef1acb414593e307b
93,e68edabd4cc8900c1a337df327f22dca24e8c77984fb8bbd159dda7f7294517c
94,47efc6f895943dccab2c7cfef5a8b15fbc1a9e7aa8512b5eb79fe8ff491db01b
95,0ac8b878d129171a1bcbebb89a5e16465e0eea4933b0b49e286594eb796ef1dd
96,57c6f6f4b5f6b97973e60b35003965dd8872116bea9755847fb3c6dd58adcdee
97,abf9bb1219a67754e24b740fa91bec4024c65c833e6e505802043b71885f8de6
98,2aba1175c762913dbc174effc2597836893aad2f4936614395b1ce2714017693
99,66d1586f8ff1108ce723afee15a525f53de3dec8b2b53b42eeba52c77ef4a885
100,c7a2e522cecde5bc62e6367889ee858fc766cfbff8f3fc57a2143e370a45bf48
101,91425126ab413f7f143c2417f4929ef785d84b532f1f85f52ceffe82b785493c
102,623a28d2253af477d2d1e4b2b66d50ed68556d3752c97d3c9887cf02f4307907
103,8acf5820d4bcd9a619162041293d4bef2945560eb18fa395e18b8daf5b4f933d
104,6e4b8aa36896d3be8b8a04bb5d14916c3454673d01c64c67b32e61a94ade2f9b
105,e71102ae34ae47a6c0942cc9aadb7deea16eddb1c33f586729967b25805f3488
106,45d1e11a8c20c4682332b40a0ce410bd79a709543cde273d23d42291083f2941
107,caaa2a674c9eca536d6caeead87610f249104bc802fb00b4a0ebae738bb2d1ad
108,0806dfb6991317601b27d017196a981f141ca93e1ef2650490289eb3fe843347
109,5190e1608ba95f278b3602c17d8bf773eaa5b3f44646e87bc90b7d7ea03851c9
110,acf723926cf055411d6daa80f3ef767916019eaa687f3f476a9d7cdb502a7b6b
111,5373b6a7d6d9f01ec410c895b489d9c89d28db86752d5650d6816147a010e43c
112,8a9f5b41543716afc3e72d1b1496aac96c919c7a632f71d9c9add006c418bc99
113,9ac332f50a0f0bb9149368ee611d5aac3cb41c8a15e8ed31b8ae34dc68dcf850
114,9598500e2e0a172272d89a09127b23ba472816cf85cf8e41da271839adc187c7
115,80a986933bc9303823de51aa28c8a48620e360584a3c4955e58649a3c872455c
116,42bf03cd8c0cf29975172ea90be8f9fd9c1fbf7c9be3d10d70a432f51d0e8a73
117,ffe0560548625c22067109340c0a60d4da869122ae326e378b46eeeec80dd435
118,4054a8c4433fc5a121b5fb49d148dee85ac951a197ec7fb2a5a3d9b6dd442b05
119,659c94f8882736f0f0eff88c9b7f517ba82fa7535c6b0ca7b6ed4c2b442058f4
120,7b470431111fcab080255acbd53f5f5eaa881aa86c4ca5c22fc126a0bd948cea
121,9c10db14786889273a5e71147ebaf8abc70fc4ba362195ab6ca88ccd654859f8
122,db0a25a6eefe047d418a068abfb56407349a219e4714b8e4fe4a55019a5a7227
123,b2d08f8fd21334e2f59b9949ddb1f25665e1cb4bfcf25e556414480772c08e09
124,fcd234233667136d1b5f825a12b9505a22ccd4ca4124f6d35544bfec8b9b3537
125,ebba866dc141f2cef40cb07695e0f66dc83745d5aa7fc078ca788826393d6489
126,dceb517cd27816a8926da1894c40c8a38d110afcbf270c3ed10cb75a31846c96
127,ded97e3b490b77c15bad1c40a2ee25e4e276c1cdd12238fa3f7e3be8007d32b1
128,8fd26f676b0e494582cdc7f9baf015dad2542baa534171f5463890e608d8fb28
129,3983d533f8907b69643cdb83850d23da070d30ab6022921908611b9a8aa1cd8d
130,75d3318e0b6636954c133eb872301d87f3913b829a0eef9f7dc622287dcdabe7
131,fb3d5e06b67570ab66d087219817c5f50a1061a1fbdb0785cf397f894d2df9e6
132,68a9da577a72ae705e7e542ae8a6b1082b72d67c6103c12e7b3ead6738f4c637
133,d1c5d1b1f463d4b9e2283d615f714c091e0e8fdc2d91929821957d3860dac6f0
134,33b236b6f85f9b4182968e678adf37279e0ee32b191560d09a4ea77c3817d524
135,35e5d1f83e18af87d8f85e634309526be84dd69fde566a4529ffabab7039866d
136,69d05b634a17f6e5a8f98e024bbea76201e4ca66404cc284d110266cc58c5397
137,50f35701237644eb4036fd89dbf6da26a6781dbed02e0e18afd127a501d543b0
138,f70a0682af0e00cdea7f2820629eb01a4457793ba79b66dd661f5029c2644e47
139,153e5949969d92eb52e1ebdd9be218b36ee7ed94ed0d87260ddd1dde6dc400bd
140,63ccc7baef5413bdc6b4b31e98cda4176b20e892645bfaab384677ad25c295ff
141,bd34f5168be3215fd99432550d9cf70129cbfa46940d07c8e2addd566eda3b71
142,f6cb142d18bd29d7412c00e59e8f27b44a80846e41033ad6e805cf237da3d83f
143,ec7833a9a5f48dc8f7f24668c74169293a83f1c1f9f879a216a2d2813763ecf0
144,f3d68d3705f80d51466970718b07967a33c4a5c559d48b87ca33a750530d13dc
145,8103c6d70774e4103b20871ec81bf1ee2083bdb85517e2498a22b177ae82077b
146,f63873e101ded92d0066e5f9c8d40e30050f8c2f71ec97e7fd22334dfa286429
147,604893d3073949a9a0091340db397a08098376633b3791f8a7a85f83b2d241a0
148,1e597431fd2a0267984b97309e5484413bd2135ef5022a4e2edc3e5425ac1d8f
149,75b2390c3eecd9fe7bed03ade0b077f4edff34f5dc53af9222a88a0c4f3f48c2
150,921ceb25771ba46bcda1034eded8dc8bd2843d303303373f140632ed4791ecdc
151,77c06589c66f63ba4c05ce694c3a4830f7dba217f3f1824ab36d4a47e210c485
152,d4bab697745649bc856db4221d52a117fb2b141e260bc606973d331a629cbcb4
153,bda6cee48959f63d028fb0af1d84eb535b47a5086f8954e630239d4e80ae1683
154,a61aef54550abc4bab7a9758680a3700ef2540bbe416a79f9f2a5b1f8d6148b7
155,f7a84103004b8d3e2dcd2186a1927d323a348e54bc829c0b2ba1dba275082554
156,6453d7390cd7074773f13599ad7545c19c085e36f11760c944232cd33950034f
157,d46b41d1bc2a59d830ac968939dd6a53311c4d0478696277394083db5b82470f
158,c8891afe05c96f55f80eb20a3b9acf0edc4f7376104115526a390f39877cf846
159,e56760782329ca97d04fdc3592d44da67e1e71fb0d65be00c20aa11c40d4d746
160,399ff5826f95bcc6c45a924a22de7128c6a9e19bc2a7ddc3a55b3e379b0b6f9e
161,bef0f5c42f7341aac5e876a5c996d8e062ccbb18eb1a834c186a4369b60710df
162,d2831af4d3d8c7253d7ba9c8add1dcddb0fe8139cdae9b8e2a02d957b6fcf6f8
163,68848ac5a8f82b86909d14bb6ce315c424719748621958137cb171ef1014ee6a
164,8f9f5bc934dd14f0ca2068494a79f993f5f52f40d4657177a1bdebb7abf340f6
165,baec6ccd66a407ee226cd978ed95bf1749087645b1102a525a0f2e7693e945a8
166,b112ad0fd56eb58b8ec839b67c1574817bf786ffba9a46dee7cf2c8d6440449f
167,257edaefb20ed142c9a75fc3ea4a42fdb725ef059e7c0dd8fa3d5e69cc29d3bf
168,b8de3a11190c882c2db7ca308c5f1cf4099f544213bab797a67b8de94a02e4cc
169,735ced38d76a235ec0a6abca10f95f1d83708d23b47eb9a53850c85e5d5047ce
170,d1aabcce91575f7e9fc43483c8e09829955b24256cd8b8e82d6c14231f4cf20d
171,2872c5d38f9970dc8664a8f82707b8909828929562107a4f392fd508c1ecd52b
172,17f66fd5143276b81bee14a91f6ae70d7c2b1eb8285bbb3908ad147f3be42a59
173,a882ee002d6b4c251a100b98a2b4418b6b3f8b17135d84b9a34d74f02e2dcd87
174,1b46c17c723ae3c263f6526fc3d8eae8932485fabc4f85c4f1dadb0f474edf0d
175,c1ea42b14b511ef6a95240412f6a1f650067166487b8df2d5e0016d5b87c1b6a
176,f4ec03345a00d6b80d8d50ede88fa1e45230bcdcb8fb47649541880e0b6f7bef
177,1c711106aef7343bc003dfed68f65fb1d2252ff28ae39ccb0e4b3ca5d3e12df8
178,624730989cd2e396a3c2afb49871b043eb091bacd868e7a63e0937ff08fcdebe
179,b3cc5a0d594823c7f412e426d74334dbc9c5977b721546afa54bfa596eba74cb
180,a52a44d23588ec7278a1900fb021e8bf116bd19984cfb106cb0ffe1a4c27d9e1
181,9d3972a31cd960debfb7402a4d432ca55c4b673b8e25bebd677ad0a5df8e7c0d
182,d5b66e4b57cec9d13e718d674e348fb25fe0457d6ae5a5a2c208ae015a26ac01
183,7551f4cd7ee9e3a2d736ccdcb9e1cf34a883118a3acd1766df3f57b0fe4629f2
184,31ef5d6bff9afec84c94d54202a7c3045f681e39e6f90dd2c8e594364d845768
185,6756e1b31c6444680bacfa91fa5a9fe2e8636186e61cc44ea923c8201f95c19f
186,dbd3dc3d0680b5b3f7095800dfff3c76f50b360407c3f2f008f30f41c524ff22
187,34c6e2b9c2bd10f97ebb7d8f6d634ac0f8b5397ab69be44d1c6c39dac8411b13
188,efb0c70b9bd1d4aa51b8f674d43d94734c16c7b0e5a13fcc6d3b73154c7908e5
189,87a6a6931f419d3cb392545c92ab6eb286467b8b40a5ad2a287b0512a2a2c50e
190,91f49ce5d661141e2a69f0533e833b62c033be575ad2b5dab833ca079ec491e9
191,527f6ff7d611b5f8525fbd80718c660516f215e253d83a077f4e12efd8d653ec
192,5a8dfab49472c831d939d8c7faf2be754b98c9b407adc0b7c13c7549703aabdb
193,8384962d4bb8edb5b30cfdef28df0436ad4f3e8ef68d8e9c6f38638944860c24
194,a04ceca52dbd77b3848f1751092a8b257cdf2cbb7339e38dd0b620aa6d5be151
195,cd6678377c889ce8d341a40a447367fc40c569b40a86d9d8752e1474ba048143
196,a620c04b5b73979552800c1ac7ddcf647e0aaabb8ee7fa478b7e9032544f3977
197,731eba95bb81fe5f80bed4de4c88b548a8be202ed847cf9260d69f0603cdb896
198,59551101d5bb62c57f7e477a5bf8675e82851ad2d4f9de414846dadd7b8fc05d
199,62103c17b2eb7e2254ff62432f13c27c393ec7d718f7ded08c7a93c5635feeb4
200,1c4845cb027d88d2ff79eca7cca13b6a70240f793688bf63ba2c05aa6787acc7
201,8feeaec024b5762d37c14abc0b6de9270b934ceabb0454b48fd6793f7d45c96f
202,a6088aa65350dc6d2d1f4bd99784dfbff1d1d90c75be969548f3d4a15845b4e0
203,949171bea88a135d921d50148e38b79d1d0e032a7c03fb712e3124afaaaad736
204,47551145e00ed545c1b1d5d907b0ba58dfd5b94b380940c52de01e241f96bbf6
205,06759edeecdccd46e0e2be9f3f0b6b1ed263af50dc4b208cbc9f420e2a1ebda7
206,4fd24697e401ee33af9af4caec9baa54be1f31b044021ee338d3206bc35f8637
207,9b6f35aec46f5ff01bf43f9ad130dd9dbb109c033158bc9807acccba221e660b
208,9d3685c29e3abfdf2dc4d7ac914fd81f41cd7e89a44f12102805c1e8ca38f2f3
209,5cae33a23fee6ee31544d4af5e9880513ddc32eeb744a102b8878eafb6657515
210,cfda80efb80d6a04fc00aeba4fce879c88f105c414714dedc99d3a7c0884cf1b
211,e2ec7df200b7b3c9e68d35e8d7f2b056b691c7282513a2896a351f4012d201e0
212,616fb59b77c84dc08cd9076b8934bd69b744f73d219aa6424ae4f05ee0192251
213,410f5f00e24f1f769b475e4bdd30b0a20c4a371c7ebb557fcaa13db060586701
214,e3a4a0c256a0a93e1cd442fff714e0fd8129777c2d555921bc4b4e116438492f
215,a1719d1d846a98aa993bf1f5e488773d260e9431e3aaffb88c5e5363080da2ae
216,88910057e907046b8a74fcdcfdfc88b55753db7b32767758ef2328d033dc61fd
217,5840fc8ebb345f888e298ad5c3cb7b1ec9ebd9177538763be6fe5f22e91d679c
218,6ce81bcc847cade93eb14c7eaabc77dc540d144eeede05095739fcb2d154bd52
219,8ce25317be3ce7da4b466ed04b2a315513f5b5d06a7abf7b32785913529c5cac
220,a53f572756e92abf0e9586df7e7e9c6acffc986d8748261466aafa53e29332e1
221,39408fb39812c8a64a72521e040d52e7588dab12930c87d6236baa35b20d14ea
222,c25313f364c488a98f20cefb73e5f711ec657b5c2f70d6ef1b1726659d85bd3d
223,618fa5ce29bfdf4dc9bf9a05ecdd4ab08ff23f274963eb42d72f768b7b155def
224,a15071ba5cbb95a5ab6d2356e7afc1cedc29e58fef8d93d5b159d8949e831b56
225,6afcb4b07ffff786449338ac3b52ad58cbe27ff0c306df5b62e79e0a118268e0
226,f720c0b072e1d6c76de8f06ffe5f7b45b806669cadb3c2df1123c6734a95f5c9
227,83ff422d8d7063c394803c70942cf593d42181de19d1b12d85b61dfbd4d034f2
228,c5e71dae190b09547dd441c4a55826f028786006b1cc4cb1f7713cde45c4a17b
229,62c3115fe08a8c55f0c2b9b3e9b83bb824c0871791e6a9472bc37c24e48c10f0
230,0bbcf9eeb281a11c120adaabbbe9ce4e31442740db8f5c5f2986f7f19148d933
231,0d631a81d9728cf7b2c148da14dd1757ac8e82bf53a443149cee3c4f2ca914ce
232,2e48b9e528e9f1bdb93fc39b80a45af43ca88c95308f387dfc85ec6cbb9f8275
233,4edb475e37619e7e06a30b1240d5184edbdf1850c8fc3398375d14e688be978d
234,f3574de90768791966e0e8985c525c4c556bdb834493c9ab70749d3f94c9eb85
235,a1e5d9512d10dbe24d6ddd1b48eff772c678d2ff89de4fa5038701cb72c95fbd
236,4bb56dbc935aeeb8a9f97733b390a0fcbb14514e58af2367ae7ab1dec46aaa70
237,37ab12ec3d5184404eadd848ff1aaba44bdd0ceec9024520160e37fa91938529
238,139415f1bd8f69e4cd0a0db8793705ec5949db23ef80a638143820ca50599dc9
239,4ef5d99a0263f72da592053b11a7063a5a375f2e070ba5fbc206ba5a69ae7d8f
240,cbc60094cade120dd461ea02cbef51fdc2af00b57de1f30b339a3bb8879423d7
241,c3c00ae41564b9e228bb11eb39335f98b7caf8f018b5104c49c7c6739266f973
242,d6baf68fe766bce78f139ab76162f0861760e5d09886a1372b740843f1232b41
243,a194f874a10a14c57a645ba15191b9c86dff08217970e4b3ff20824ba458ad88
244,643349f098057fdcaa38d2ed274d6dd084e030e578a6ef32fe611b4048406edb
245,764a8e67a6875062802a3417789cb9f1f5e07ffd464be34dff6f1d690809ded8
246,d00a5f376f0e4f56205a908239be9e9cf24ea76291f30a8d4275b985bc2c1bc3
247,4c623ad6eb867756648f1f23d09e2292b465094e7ddbc24c73c07269cd393f8a
248,b309af6b28bba5d4404ebe7d9932b0a037f79d4e7cba208c9ed1320bda8e0d23
249,2f3f61b92a4698e189f1609035c67ea57011576191e54587438d69de4d9d9a69
250,dc27f6d1e0a4b135e155062737e38ff3ccdde35111aa188ee3fcb79434557961
251,df1e8073655c25ef4e157475836e23b5cebe5c1192835601de65e1ede61a24fe
252,ad4d4c74b80cadcf3ad6d59c93f259320bafeb2a6b51911ba4c7a90d4cce8d77
253,7a01aa8e40155e7dce34b3c4784bdf791c87493cf9c1933ed52642b55b7942d6
254,fa2c6229447ebf5e7a6dded56f02c7007d9329c9399e53b82c7abb9d86e588ac
255,5babc4b16b71aa3c15ca62ac2f89c0f999ce846dac046adc95d70c0a6a41c1cd
256,ee4538245c31011f2c792d7c35e0ed9a1434ca9f2c42b44e3fadf3a1ec11c54a
257,0a6009af2f1d040fc39f75ab35cb7f40dee6da36aba681d9a83324faa5ad23cd
258,63dd1530396ad9df48574f88078cb10386c706cf308772b60f479fe785dac2bc
259,b9b2508a494676338274050db5be965b4c7b162eb720eb0faa940664f687f8fa
260,2c9f7b6b7cbf99edaf3d77c6746d7d85f42eaaa5a19d577dc9f918ba0c9c7496
261,bcb825a0904a920c4acbb2755395b4a84c5b37fb39f2ad641ba33153bdcf675a
262,1567da7915bdb8035d4e9aac3c0815df6112c04410313788150c9afb0bbd1b62
263,9154536c7d19e379649f838893525a57998668ffc513526de1c1703b3a95487f
264,0478a6b6509cc82ad085c197e492cac47b165613e1f2e0728d78e5d81727d5be
265,6b0145671b6efdd46e28e03bd77100f6d027a83f77313fd33f25874432ef6a94
266,f0d8036bc1f1a4a6a9161cdf25b9105812236efd9f69d40927d36d851bd1dca6
267,56a4c2f9f524d1ea5558cfb4f03c13e7de98ac3c86a5a75b781e3c81f974e0b3
268,13d51f48e87f3cfec6f5800fdcfca994953ccb698cc46810f52375fb806f2b67
269,242a1d67fd9661d336cdb3358e24b244a3f6eb47490748a344f5770651ee35e9
270,20c5843f6f5c32f04e2ae6a9d688a81380a1d3f3d64da91ae095b3f5e8bd4703
271,a54dc06011566f5894ed55fd47fcf958c1d19a3fbf4f1ca0804dee4c6415038b
272,7494dbf557a9cd61d204cdd464d8394002d1c1f065158ee6763e652bcba95f95
273,e8b7fd2cb2df99f5c828248b84a19a01e6b887dcf8ed154c0a7c567d2c030716
274,669331437cc6a39785893d3ef31f0f026d83403aa89fef1021d9af1409247a41
275,28aa133e71b2d503f195de510da4fbc0f9a6279cd4a74b7cd02ef45a5aca50c9
276,33bd5eb4001725e0d315cad86c4d192705c72ee9867b6e638c99a5259504fc30
277,2948df7f62af35b0022c539ee8d0fdde35e9afb7de64b46983c09bc7227b4983
278,99fc45a8eae3d77b4edc825f32b006c1cdb11ab0ba2855aca061db6797f8be81
279,7b49d2b6271c3ac2fc71d1e70a07363a35b135b67063ee2b740debff925bcb97
280,7fc73924d579aed73235108597deef118bad6baebf0a15bf9950921295038ad7
281,d725486cda0aab99bde6ff0aa38f7cb724a99dd6e7271a87602d008ad44fe312
282,5d7e8a1e6b6878569216b80c29d8e9649ad5d1ddf29cfa53737f1111d8a8f523
283,770b6f4b7767a3c60702c7fa67451f4b6c397a793c3169ddf444b98d0ebdf621
284,03f4b95bd626510ef44a0cdf98240bcc6875b082e3261798f7f360a1644285f0
285,44a439c7abbad36d9ffa11acb506b79314a48025d5137bd4003d85c2ae90225e
286,4fff23b820cba7c5844f843c3cc9cf55bf9fd410f669f20727a9c7416c902c72
287,7827f326aeeb856d6e623944a64562510ef0ac3ad095510a0ff30255dc8e13cc
288,d45b8751b316d7faca2f3606d2b9419a51565542d17e7bf250628e79428feefe
289,dbba5daa7e4a1640434938b21f5afc3429354a7715d698d61108f81d6c527a5f
290,6baf228e2512245553a9f707146eefed72a6453894f4957b0befb90c30b7ab9f
291,1a8a057deb2381069c8e7c8a0216614e5f0e5b4d7a41e6097a7f410efaf70554
292,6872d720e4c380c254c04af197e33ed0ef2e94ef20396b53dedc94c6a5cc6189
293,b97de47db29898a11f2f5dfd1a0a4c712abe6bbfe0f5f2b2acd404385464f7c8
294,2dcc03b7b1e0564a3617696e2230e01bd1057eb65b83996ff26ee719354a7f49
295,172155c23e4888c275450a5cf8d1d308e0081e7bfd006cb55348f871052a72f6
296,27cb505071771787b3884fb8506e91a1885978d45119379f5727960e87e6157f
297,b468ca3527f120f8e172420a4c46dc56d8eef41d17d5d35e4aeefa621a6593e9
298,fd50f8142e1c5160688b154bcd69fa60a35eaec21d3f5d5d25a162d5ab0ca44c
299,3be819b9bea1bda73408b4d123b91578c321a8d9f9d69f7ae7d519e19a9a9ae1
300,5eb6d079f8fe19b4331749b4f01629ea586a5dc8218f542c722b31e89eeda0d2
301,c8ef6d9ff109bfe8b2c10a9f597734b04b7b1d334e6f01557a62c9f559b4c7b0
302,c68e37c027191efbe92c1f4fe114809329c0983e676f92acc8b5d379ba92ae44
303,205d8dd0c7081d5c5e091488c74b5bd460e9954a3ea4b131d00aa11bc5c6f0bc
304,a778aaec083a320764941ee2dafe0038f12ddf88b02960a5aea06135718a8a60
305,ef6bd5b2ea522605abae7ebf1ccf1539bba74f01897fefe07c73f5c7feb7fe25
306,5ed8a88d3f1d6c8b341471c926f671e5022ef7a3cad899945834038a231d62b3
307,f3dbd5989f5edb0b5fe9dc696ff77d0ba15b800d446d3bd1054d916299b47681
308,acc9812020ec9b2f493de83c88846c0ef93f962e5c4f1fcb6e189efada254fad
309,9d81a0904084231d991882b65bbdbf15d7bd3763a46d1196ea41404d187fd6e1
310,42388f75fb84dc290108f0a27ac9d17be35f2f8fa7c2ab4c6d5fe9527addcd0a
311,924e6982270ccb8b9fe22c2f4653009fb462956885bccab896e6849d1270dfca
312,be8cf2ea35a2e0d8f9a68174e9c71e07ab2a790bf0ae4188a989c43737540697
313,e6365496ca80c01934f01a4d6f241f4615df1364e28212b914a2bbf8b14b45fd
314,76a67ba2fef181c471b89b1696159f6588b16a80e8678458e65d31924c3f51b3
315,0654115f8b7f55ac16365dab910375f2daa7a06b9964325b7d77ed9e40614399
316,3cd3763acbbc735648afadea69a48b404ce6ffe864ed1f768fb8a30b2803686f
317,b20e7c241fe04b8033453add68c7d24107f8e4260671b86c9c447c6bbeb1199b
318,447e0dc1c1069784be2cebba76e405769fededb2fd5aaee61ed99478bddcf7b0
319,26d8b3b882c12e57e22c23c017b7333831269112cfa88568df7baaee91fcad2a
320,cec33e962b818669e48a1c61b628e4c218413d6a2ed60b6ce231842d859a2fe2
321,330e70ddb71ef2ee0bd85be412a38e34c5615cfbc23183e91e0c79af4f009dd4
322,a50c4ada8c9530dbfd856e7c3626235113bb0da7d0c207980a3d82bc278377cb
323,cb8e38080dea73f0dae859e01d3fa5bcbc12acdb2864283e19c04ce5fd8feb30
324,cd1bfeb6424dbc9ff306eb4d1eedd8f6555e46ada61290f71d7b7a05ffd9d709
325,4d2e01650f7e336bc9f79d39ae4f785336c421afcf9bbd85690aebc3c3ef9032
326,cec2daef369a92659882c11e8229d5439fd6f3be00873a7a52ba27c0d431c77b
327,88f3d3898a93440b50267a105f0819a3f85238802e788b82cf968fe947274e27
328,40fa9358e0d83d40e42fa58bc7bb8712d60431d7202fa41fe71cf21ee5c9330e
329,71c2269334951264a821039af5ff131e0caeaff968196ceefc0595f150395bb3
330,c3bf6d7229f0ba69d3facca24a15b3b473826996e2f43b1da52a8e2a09d3fdfd
331,e248acd655f8bd0b8e3cf0fc8c863244956d8557f15194bda1ba31cbd3693a19
332,0dc8182f91db642e887f0f76429f3986dd571513e5b17541a296f620e19e87be
333,6c5e5955754726dde81f5839e801b4ec791976827982801449b181b3b20bb01a
334,1374b8f5e596db50a1cfced90d498477720235a612846ec85dfbc07385e19e42
335,13109e2b37e98dd7e464dbdedbb0234d583409a3f8be51daf0c66ee127350aec
336,819799c05ec3bd9ad26aad7e790f3f58bde769266840927384c3990d75779d7e
337,9444c40d7bc278e176ae3ffc19d45d7e15fe593bcad4b9bc65c6af8bc600ca50
338,4dd6fda4f3a093962397acca64482c4d64faecacd7b5ba2e0825f99cb1cc988b
339,4d7514a42ef792391a945e22cccb67368b4c2857765b7348604d671f56a5ee81
340,b845d34ba4f4d808b439cd2e7c7d197ff9e25f1b10f73269bf72b94881c00ac4
341,5cb6fa415f36e94d35be6e2889d49ca3ad4050ae911199d5d003c16577859e95
342,f08527741d32bd87ba86343218fbea90c102a1c4e055d083b3b5acf7e52b97dd
343,5e39d5c18461be64f535e68fdb96a19b420950a33a47b4038ac91de1d5efb446
344,ecbaf0d05d77c4e60dc172b73e341a6ee00a398fa6c5fde35b09defb1a40e78f
345,60228c74bbc6a985783288ba8c07fbac32574927f34dc82cc0befc73406071d9
346,19fb705c06449cc7a34ce23088602058c7125baa2b4ad280c63ab80e63a51a95
347,5365cad282bffa636bda6769683b0cf650b48748fbbec6777f5f9030167330d5
348,b07e799549a938a2136e67d6f5d210bed6f001b2ece03dc8d7fdfcb6059b5b73
349,0a6c8f35a260e562d471f0d6d03448f3978bd0fa6f43293251fc78408fa9b523
350,aba16a6cbdce5d743c1781c4598d026cc29a14c2cab2dd7cd4c37a49519f3c90
351,bb925530f27e6990260195a90f8af3950200a0e09cbb6ef23b842b7c79c5c005
352,e0d367d97f33a6c4e8582519ed9dd5f6a75b4d9135dcd22a7d486264518e675b
353,567cb3761c5da2f621743e232e982443d366889f2bebac7e8b8fb2d9081bfc24
354,bff6e7ecb045da1dbb348e09ffc95355195b7a1c87768157f711c99f16132d32
355,bebb6d64c0e60f3ed7e5ff53be03a59eb7c1ff10d549e3b36f64c04df89992e6
356,bf93db4a925deb94d54f325266732341a2f880f058a2615e9d21da0248c4530d
357,28ac268b718e7d09be304491307bdbe307d1fcbb9a90de943172513fc362b16b
358,635a50219c853b6d41a55fab18f9608f9bb275185fd91990305e937b3ea01062
359,e1cf1aab8943f7cf62ec24fc8cb3389656e1e0e011e764da6aeb6c6e4d0b654c
360,c64c43cda389cf9daaa1c0d36117f8d0f9b706ff52733edbb18cbe651dea5475
361,562555825f367b672d97b67df3c7f7ea169d15e3629ed4e698ee7631bd8c5721
362,fcfde871c1d3d5b777dfe4890c46828d303a2e2184d32bcad0b0e1f69576fc92
363,2e6ee9d54524ba5f2d37f731b8fed9eb26526525eb00ceb7b07d64ef2470c548
364,ea7c9b8a4a15c82108b01baa29ae6324f5c43ede2a613a645235009b6e06d47c
365,8b2deed8c7f665e81f23f09cdac6a42416d907ba2e9ad6f75cf6f42fdc1e0d07
366,396942d18a55ebf2926992ecd0908b1fd156f8b5c9892e0977017e4444ab598e
367,1ee0e209d0845f352483b4b4eac057f0ad088aea53f68ac90625b3e52ca4fc93
368,6d13b256e5b57a2af978013e672177d8aae94b0d0a77e9c4741edea00c9102b8
369,c1285a35c567fde613c18d3a9b012c92191fe57f58b0ffed75726e5649a29d6a
370,c4c8cc1a39f4e2c29907eb78245e5ebf7f62ee24e04f88f5629f0893e792790a
371,b2ad0b002fe96b3b3eb0c893ad437291d95d1673e349617ec4b18a55d109eb22
372,8ec9f2875e3160345ec8f861563f699bbdbf33fca19b1d44636b7a4602541d46
373,a8273c6685514d2b1dd34f1e261291bcbeac0f7be15c0a014c28c3dfb4cb4e80
374,03aa1abf424661509567274c3243443bffc72c735a77434cb549da148f65e32a
375,1a75791d37e93e7a5fc6067bbf2b6119cf683fd9f7182610e12a87f39818c793
376,0adbf760058c1fbbc29d103074565e5f9bc3790b5adb28cefc293cc5632b57f2
377,aacb70ee56f37a00e89e35636807c4b20acd340822b553646d479205b32d4778
378,18cccb49e7cd87568055fb8f72bcd34c119b0751164da800149ba744bfa559e7
379,cc74e42c899da58fb4a1e8a0c5c42dae105b10ae04a3805a27235148716b6e43
380,316c03408ef2b3b1e38f074d92d3a69ef4c7a5b8a26e0a7b198c90ae904baedb
381,4fae49cfb1c03dddc15e18c3832c8f119ef4ba945b6f1d23dec6709725ac75f6
382,5a9c1f680672ad0aceab21c178748a714ba074bd8b32013672c9189f715260c0
383,d7e5be85f7e833c3dcbb2572b881484a010d52862cb6eee98f3e398ba155e326
384,1fca302a8b0ec77bc33715b7477473fd8056ca389b906fda1a5870e76bcd66ac
385,2b5331450a839f25b93881dfe190d5860ce565cf757514f7389e7ab7ce2a538d
386,f88c48e3131cfb086f96e60602593b2f5ec9f37becb04d809e496a6654ec7cd7
387,2281da8ebbd2aefda78db0c62e8d3069fe9a9ff24b037d8baa565a426fa34abc
388,a68c8f6434648a122a32a3ef09558f1065353077bc03aa8bfb78b40cc7d81c84
389,e55ca4be6075e4de770ee81027cfc534b665a49ca6dfb29a6604769be831d37a
390,416979485f5c0129eafbd3603a9574c200c45e9514700ac8cd71a9792d382361
391,4dc832b5b6c6f8eeb961226c227776d9c80c0aebc36676cb3a702caa845e9223
392,dda1ca68bfdb8050d26aecc5a28cb2b0f0d5ec5352def8a00508d5b3e24ce48e
393,cbd67d1031631da4bcc2c0d688d207f81a4eaaa51b6afc7f7c48bb115f950189
394,7116971a8b63ed42b89e3a0fbfc4339088e54a79339e42a43c27cb3344820f7f
395,1b56b4a2cd13349e82ba442d03881735edc7066eb1d412903a62e6f05e3cf18e
396,ea3fd23d15485fce4294ec2892a5e555310a34f1bfb475d17994c30364c92a9d
397,9fa440c3e8e7fe38431ffbea5c13e1c6e5e7dfb167006b5f8f4639302eee60a2
398,09f2d89338134657b7fd5a713182a0f4dc8fbb2af77870a8af0526f085c5e711
399,9681921f0b02a5552cf9d567a77d1d9ade9422a5bdff2c4f99380f9b6f2bf94a
400,88092e4bfe6483b65760c9f57fe10e7c4acf0e31e97a4ff326af5a866c00ba61
401,6b8c72e746a2114d23ecde456af2bf2bd302bbc41fc679d94196379485f10cad
402,371dbed083432a8d3a30cf84e5503e79afef955877f6c11ec39c83fe4fa49d31
403,a349675a57b1c960b56d9a8de616d235281d4f123665336ab3329b1b01c083f8
404,715dceb119091e8541601c074ac50838801828f722861f6bdc4e5f85443ee162
405,51f3fd249894a13ddbedf2486aeba8589fdded76aa44ef97cabbd09ae7c05033
406,dc7687754da60db7e96482493a0f3a64d2a16cf662805598b551ae54e987dc38
407,5b286b0c945606847fd3e6206328f2727b63dc8b73ecd6088b3a2a052ce4968a
408,5a82c48b386211fe515e38a747c4a655411cdcef4e10e252917e6c3020d18a89
409,7753149b47bf8d3a0df3af9a8b7db5cbe80dfcddd87f0f1c20a9d88f9933314a
410,27ec1e0c3725fbdee6b7aad4b3771bd1969de7c71f77dae0bee59188807c8cdb
411,7579225be735653d86754bf78fe3c07b58b85de42bb11cb35cefdf6eedf4c1c6
412,885fc229cde99bb384ee0f25d25740dcf1426a2524a695781077b9adf436fab8
413,87ab879cf676a1e3b97f761dd70a7c0d0f11315c25f375b5f7ca7bd83bdbe29f
414,8406c21f6eb427525e903c1c2b8d5cd504c963f664e29b6e95ce05ae41889c92
415,78b6e6fa999f24d0ebdf16a028d2099e167c3201928ff8596a1b7cd4352d1931
416,2d552b1af4bdd2b7560361690bee3b9405c0bc1da2284bc84daa97a63c050158
417,29295f6cb92fe02ddcb0a427264f65dad71ca3519904848c30be15ec75ca6bc1
418,86696bd061f8797746e9a085699f66e0edfb2a174ffe13bbf6debb30ce6412b9
419,4b06a55aa1171494b14e85d431eee8c25874c329898c27485972966765b6da7b
420,6409680ebf07f83f5cabc1ad3f82c809269bf7f68c2e295c5a7e84ce55a91ff3
421,7a9014a7cdcdc4e0780e8bbfaebfa8f21cceceabf9ef26b51800b5b8b8c576c1
422,8e6637c9daac837a3f4491728a3aeee2360ac5ca9191dac4b621acde65cdfd24
423,31d6657c6975aaf70605dc267561d7eeefcd99e59187ec9e273d1472e72c6563
424,0a1bda189124ea7f129e2c220b5f352b9da31a4c7fc8d4645336414df11ee3a5
425,13713647b0ef291bc247943d393eee15f6906950b656d0fdaa22c94e13520e3d
426,f17a90cd5200ed7a133160f6ddb89a97589de60b6a0af221ec4a31ae691519d9
427,e31318d213ad7078cb270f1a4b04401f9ef814d8686bab3de7429ed3195dadda
428,e40a18382c7ddd4f081b5f7776d066b68b92aff0a08dd3f9ecf5b433b7129ab5
429,9c37b7213de9e3b22373db89f9fa7833e21874f7fadb7ae7773c318bf6c11e27
430,19fcf639cdc4ae470412c264e82a4c8150c503e322c2bff43ba11411f63b2e78
431,528a9bc5a73d888339e6cd754644a3ae4c0d0a4f0c52e3fb058d9dc42824286d
432,84d2111139815d5bb9ed05774338059e7a75f5449a9c3ef37eedd000fd2472ce
433,9c636ecace95a1fbd2d7bd268c9eea567c69ef05c384c6692deb1459ebe9171f
434,b4223f988855626731c46716d2aedaf016e5cdc087bfdb28fe53a3a87c69b2fe
435,601ecc212871aa528f8f3895deb5253f57ea2e26bf151ed5cfb6bb96a9ea1b0b
436,c68bde88785e053add224e15e1301dd6ef04098de53de7422b91f603230f7388
437,08447edd742241c99fc0a3cb9264556b59611b2ec4f619204543c26ec3caa8c7
438,f0b3dff95d4a02e480f35e425c7d859b7dff368bd0b7a7d975983a00ec2ef9c8
439,028f73a3ac521d4194e0d0548e34e725ab7ab22df2ac1617083d307111c9640d
440,f80b72fdd4f395a2fd1d92663a433b09dcbe5bbb20d60585132dae4c158efb13
441,6b0552685fe0516d59a7ee8e8c8f2f13aa6c717cfa0b0ed8795370c4ff9ab505
442,cf19e7129207345f5616d7384c60ab6c5eba9123a529930691e36ba9a438817d
443,0670ed17fee766c3c3f0df8a123b2dc0a293bce33845df9082cdcbb46c648822
444,217eec373b06c40437178a80327fa976477d2678571150beaf901aac73e991b9
445,3bd02358ae8f9a89482ad6ebfedd4887ba6dba568f8dfcde00964d8449f07813
446,abbaa6f9fe722c3d2e5eb28d8f7a7389a8e492763f163d1d261f126e05b9ce18
447,3f7a3062385ec19e9937b5c9f37f5397329768faa6c738a6fb58f6c6525c677f
448,4a8089dbf8de313c34bb7ecdd57c6c5fd29429d94b3467d9c61eb9b3fe068d74
449,415ac7dfd2e9a173bc470012d12ec1b048f84b32a54724ffb2652bc1148d8680
450,3d6a23f039580dcf9d03cdaeda55300812b0238dc3725fe3aa508d8f6c309607
451,c99ad561ebcb518792d488646a1da05f889e81dfa50f4dbb62a512c294c3659f
452,6fcbb0b126dae8c5bd69ec2e7df1c56c1dccbc338c5a2b0c0d157128c72bda13
453,18859e230be5ef549be7a2322979637cbf6e839dc6484887daef45582870e861
454,ec1e83912d1bf049e5048cb63f9d2f5523eb8b2cc68a9163ac0f0bd2c27ba9e4
455,58a3c59529aeae95ec3db236ca465865b5f00a93c90aadad145286022d55cf4e
456,7c827afcc81fe8cb266d5511cb5c24b76e66a8bc6e7b0c0e75aee052433a1354
457,deb344764ce6f2583db8f1dc8350690cea815d1f64ea6bdd1706a52a41ceca7a
458,b015b2a6d44eff670655a5cd72b321f5aeeb44ffbc3fe4b67b52c93abf539b46
459,bb85816a6b38c1ee8b881761cd478f65369a43be84e33807388d923e9ba0b51d
460,45c9d387d07811a95ad0bbd69a068422cfe5a5d833a33855a713c39bdac31bad
461,c93cc7dc096939fb584042dda6834f2ad6acf0cdfd6bf67b3eb42f0f17dbae34
462,05929d3063dd5f9978a9c656540b2831594a57990b480417361e8efb8af39680
463,6766431b039409aef833b7240da4109de048c0b95bb5843298d849e83be689a8
464,380d78d5ef56af1ad21c0bb9ed7cd1cf4c7e8f69d9a907b0a572e6f2a3152671
465,732cc70bd623e0de028c86956e8462f6f46fd37ff0fa3f3e13673d2ace513063
466,711c1fa8dae77545cb4ceecfceafe3fbcb8a5b3b498a141b0952ac74f67bbd28
467,2e4ae2219d885c64cfb4be9365ea57e0199d17be24a3414ba27eab459672512c
468,e6c0702d71ec9a5f8d6b01453a35dea4a30c533f9c6d03bb38854c45998fd6a6
469,7b6b2339f32834ff3910afeeb4a39ea0fd090a05b76feaace7f815cd55c88c86
470,b1f470730d8981477e35bc0bda364c53ef990aaf8c9a98c1aaf617985807d0d4
471,72e8464dfa4493bacc6f703e8ad534d14921c4a352ca75778b41be08e986f4f8
472,fab0573a3a5afa8921d9972df474c36884eef1f85937b9e73dc4d13220c7491e
473,deecf6ee784ba088252516f88e00e7a2609e4392805aefc1d0af719324ab9ed4
474,4c98718bbe1cf4cdfbac576e762ba08c9a95ac44474e5cfef456cabb054bc240
475,597a93dece0690c2e045b85802f0d16348b5dba7144e75359726ae4c09aaeba9
476,2a40bd356b746e713256f76360d6848da6ecf4baa655bac2362d3d08af2819e8
477,12f6bfff8c25351233e0f60b524dbf6cc7739f5e9a9fa44c38ecdf07998a62bc
478,7f4bc0922f281da8333acf419a33e4f09bfc491cbc4a3a6dd72c708289b1af00
479,1034f79cbdf4b3b6a2d8fda2591f7a1c93ad66ebb37dc17a2075f6bae87002b2
480,6920d976b7afd7921c83089843787d22d50098c692d65e7047cf3e79af07cef0
481,1b78e45826f9f0da84cbbc661b3384003f7be96e77775787bdd17b2b17bf595e
482,414492204074b3c16d870981a4dfcd6b38d82453a8f760f7267c40d55de2d3d0
483,000d43b74a379c3e8d7cb6f25c80d611dfceb7eeab285b762d29236c6fb01568
484,b7f87243563af34ca264623b0591106b68915c47a7413b6f8d519e0f569beede
485,1cd2a001dd4213b510c4d2f757b8bc6c986e7e48ab6d13f1e4a7aafc7b2dfcd0
486,594c87c47858e9be6e2d0165037ef0e038b23d06ea29ee9f0aefa6e5b9e55d07
487,cfde50a8c0d602c6c9bea4fcfc3d038dec3d0e37a0d3f78011a13b50e2b79bce
488,52aba91890453ca6764ca6669e410db2f7b2479d090d8fc879e86ae6d71bd474
489,d9f8f09c4ba75a0ea63c92e13355d4fc09cd03a662554905bffb4043f3ac072f
490,a10b2bc987ca9345560886d9809f61dce6d6c18faec8d8480e70cb984d556b92
491,4a8357770b38db3dbf8b005229e0594c6304d9e6e5b24ffa48a5a8cfaa5ff921
492,8e3b7c740bb1dc44de6c32ff909c51f9f6ed4ec8821bfda37fb387e07dbc89c6
493,f55bbf6864b5ff2b81b7a0e5472de82eafa6f495cf53d6c37b4ddf777162e25b
494,b42eb8587c27299dd800976209d9a1071910d0115b813f0bfca45494d5e89150
495,a72c37088caecd24111bb02db3cd8a98990ff2220f3f719e347ad90a5e91b250
496,1307f112c411b8aeebafbb811b98efe588deef868ba6ac212ccb188d37ca1a95
497,eb608db080c3eac53f7938705108910f8e3ac8ed10bb7e371b5295e52856d1dd
498,4484a447f14f50b2c2f3093919b2ee192e071c413833daaeea599ac17cadbc35
499,dec77376a47ba1c22d579398697fd45feb38886059783a43d3cb452694b9e06b
500,d1d76dea4883089bb410041ebffd1f2171e3f769fac4c9940cca1f11eef1e398
501,b4f8813a6e4a41db01b9b7ba4e1cd23fa1eab41fab12efb5c6b36a593e8741d1
502,4319227e04cc07e5047dd58280931e5348a394cfe4bc5b758b6b50411382b242
503,a893b6a107d93de83eafc3733ae55d17c77cd2b45f5fee346035297d735d1efd
504,d4642f2d4ac47427765604706ee40121ec8bfba9c9aaba63d87acc30280f551f
505,4e15d7e47765c71c5d69e4580a81e1f10f3d7ba5789aeaca214603db17790558
506,67b7b1a705227faac630ff72e6e73c78a89dec30b411b9496375d90e37514503
507,c9df1c79be63b7f41da56ffbf2ab2ac8b48613aae5994e96cf4672c61f6d0a86
508,8cd373ccb6ed8a78110cb949f5779aac41210f77f425ee1c13d2ebd5873c8248
509,0d7664c9eb03b72ff866b890e1b6a265cfbc8d22e0ea60b1db0e56575be3fc07
510,6d9bb7fde98edfcf5c7528c28b7b65f7be7db96ebc6ebd92fceae779b4e533c4
511,b2580ce08ef9f56dc1437b1647eb08bbc24e0a31721bcf5ba38fc5cb9ca873d0
512,8b73a5453f71f1b7d3c22be964dee72d8cd518291c6f8af0db234ae2ef4a3cff
513,b0ea61ea9d80f6192e1fc85fcce4be14b7f25b09291350751945cee2d00dde18
514,f34f9cfc987e0f371dd320884c1d624e7b70435eec937968b9f9640fbf14a9c3
515,779b9458a9bda6c9d110648e5f3f9f34cc1d2f8a406379e21d7d74c2fd8a1a83
516,7479eee98e1d8ba9d6033c14539d8236eb54c8a66540378a4b121ea73bb3b638
517,7f3fa2a68965979c1cdca13c1e8d94f26f39c20496b3855045dab1bf06b24f35
518,c7b41591197b7e609fff9c9d21607451e509ac0929c11617bd477d995bed25ff
519,980f22f20581002b4582fafd666df28cd54797f6afd4dffbf4f3745a22db8495
520,43e3c20e020a3d296ab5d67768b4f48642f170f16cc5f23a877c9669d35c48aa
521,8d3a90b6f48871defe48016f4dcc67af2a2a912345d13e54cf736b726d0ec3e2
522,d9294b2febf1910a22deb57f0fd40f39ca3977bc0153dbffa35de21c4d93a034
523,b8b79580f2e70eadec6deba003af2f9f94caf70fc40e729360f16afc57073fff
524,4281d6e23f2ad6ed343be99160e47063b8e839d9540d7c0205ec66a4435a0ac4
525,ba46f3f3a4618a78d0680a443b95450e564819109005d1f4f939221ee07cc8c4
526,c94ae916837d86ff32ea143599e5bcfb8bbd624cb75c3aaa6328a2a13b8b4ee2
527,4c2dad943ed420ae68534821cb36c44986ddfd0a6b146da1f7c7fc86c865d9f9
528,cb7c9a53a893b678a19ef13d6406c067aa185c778014d8adffee2b9edadac613
529,3182e7186fda45bbc724af89c2e5203edcdc5750ac670afae0170bc0fdf0fd74
530,0b57565938618afe2ccdf1dcfde6350770e882a9bcd8eafd53b78ab501b32dea
531,b0599b3f7f72bf56f290ecdd9c71563b324d08ef0699ba093c8c2fe0f5ddd9b8
532,c033594254da57d208ac8ddf4c0bf0fdd265559879aad517c26f0d7b440476fb
533,52bc44c9d0928659e354002bce040f812c96a0d6efa69f4f0c1902422c62ffeb
534,87cbe79a3d5df616355d24265996c6d199709bff818d99e56d73ed6a9f877bc1
535,0eb317e3eaa1b28771afb104ebc17fc59d7afd1a8499e5accbdcd37b8ed2fa80
536,8d56fbf64436ca0c60bc4b605a3f34f6a3d6f46804b7eae79133c9da91206317
537,33b8c9a48afbf7018d539d66381c100e13cd1e7650422727872a21f771bf97ae
538,04f934b77a69d62f689fc7936343f250acce2f31e3b34f728c6201048bc9ec4b
539,876aa3a9dc8857ad7cfc389f9bed47a4107979f9c20403acd50f7380f836b946
540,c95ba500e01b0ac7f62e877dc77f5c6b20ba08dc2f71b08cbf379a62a0554258
541,b1ce5ae2c7a9f4d4e54faf385ef24c38e113bbe438e67517c9a8de5a99be3a9b
542,8e075375eb1a15712f6441f156b6a6ed10586fab6a613ea0629c7f7a8aede2fd
543,56df70f64bbf54ec7eaac3cfa88677880f4b0cff9313fccdcc68b6bff077090c
544,6d3512f505d7a505f68648cfa65a43064e97a420b77bfd148748328895edebbe
545,0fd8e2e06cf8f511c5bd88af80e8cb964cda0bfafb68bb946eeed66b3c79e3d2
546,725addcac3fdc19f0195553b62a10c4326de4f8379c497f55ccfe8429dd69629
547,fc40f6b69de8dbdc20bb9e10dfd90596545abca44a145cad0a7e8c1de9504102
548,c7b1a4628a745dea6bda911f39065099f756833c299482a7d490650915874828
549,3be93a4e55eb465a860810381fec2e44d3a2cc204d1cad3aa3cef557d3e5dd91
550,57737741d4c904dd397e7bd92de429dca636059d353a8e35f90225db361242b6
551,a19b9ea38014ba36b7a85ac8c265103a12a2ac9837a09575328cc8afa2fa5591
552,6757e16a3671fb612e334964f34893d60581fad98407fbc9babfd5666b9960ee
553,371dfc412d71f4335605c9debd6afcce30492b448c0bdfb5e5fc1a84067c764f
554,7ed3b290894b7333b8ef0bca1811f93b06875bd95a545f091958beb12a1a9855
555,e95189eea848a3ecc45526a92f4229d1336f7bd4d3bca7af85674d248ed48fb9
556,4345c9f8f352d08a0499476e7a1acc1b1b1b7bd0391e8dc2a561dbd14f40b594
557,33983c76b2d0631458e0a0e9d16095c5ec05d1d46a3e4cf209bcca05269f3cb8
558,e1876e6fd1b5e8732cfa825a84fb48f059c16296f2fc6b67063c5cbe07de9b0d
559,15727f9e9cb7e8fbb93d65decadb5f30c584fdfd6977871eed3c7084dedd8caf
560,8f5bcf7b0953ceb67743a1b2290066431d2eff3fee9a6beb08fb51d9f645c7e0
561,4362340b0967dec6fef5474fbae024b1ccd6871297674bb269f9ea68bf5211c9
562,81e0bc7211c6506358bf746a6e3a97dcaf816d6852a4cbb8e8e29a8f327a2319
563,f9aeb0544245ba1a7dcc59ead82f814206397ad9011a6d78a9227f64d39e1ee8
564,01a39f4abe4aa885684065349eef96ff36942ff26fe61f23bd6e9f1659c1b25e
565,50f29100ea681c052bf2b552d5d8361eddf7c9afd67beebcbfbdafce7512353f
566,83d2eee749bf0ad36cb83810447b9469748e38e307400bc5051b99e7a349dea9
567,8b17a0f7e7b1366f238a9e17093dba91cfa155d1481ec1892e525ecb9eb89340
568,0c31b363bdca4e0bd2d5ac351395186c0d1e5c28a5d90171fd6c30a56363dc0b
569,e6c7c6c4f4fdc22b6909cb00c9ad162c0c59dd30db498bd24f78b213aa28c466
570,010800157ae4aee78abb1c4cc1a15d8471c4ce8f028c1af61cf655ef8aac2147
571,47fce3f6090eaaf576f6cd7c7d7987adb672bc76484d49009a2bf534854ba1b3
572,8145421a8bfe9be2ad309f7ccbf7bb2e47f20e418a3209c3c5232f88b290d951
573,8a2f96d5b91f56760f9874cce1fbdb3c1722bb9378c8eb7d59756f4e272dd6f2
574,a7c38f6741722a5eba8c5a245f8fe57bf923298b77b85bf7ac16da9d7828de9c
575,59bd79cee6fa5535ab847c07eb67e1fe77139a04aeffd9155e1652a15cd31eec
576,0d908c13c36f3e7bd092563802c492c3bdd5a480335dad511badd30bf1c1b4da
